{
    "$schema": "https://schema.management.azure.com/schemas/2015-01-01/deploymentParameters.json#",
    "contentVersion": "1.0.0.0",
    "parameters": {
        "location": {
            "value": "westeurope"
        },
        "virtualMachineName": {
            "value": "quant"
        },
        "virtualMachineSize": {
            "value": "Standard_A1"
        },
        "adminUsername": {
            "value": "liquid"
        },
        "storageAccountName": {
            "value": "liquidgrpdisks985"
        },
        "virtualNetworkName": {
            "value": "liquidgrp-vnet"
        },
        "networkInterfaceName": {
            "value": "quant791"
        },
        "networkSecurityGroupName": {
            "value": "quant-nsg"
        },
        "adminPassword": {
            "value": null
        },
        "diagnosticsStorageAccountName": {
            "value": "liquidgrpdiag590"
        },
        "diagnosticsStorageAccountType": {
            "value": "Standard_LRS"
        },
        "diagnosticsStorageAccountId": {
            "value": "Microsoft.Storage/storageAccounts/liquidgrpdiag590"
        },
        "addressPrefix": {
            "value": "10.1.5.0/24"
        },
        "subnetName": {
            "value": "default"
        },
        "subnetPrefix": {
            "value": "10.1.5.0/24"
        },
        "publicIpAddressName": {
            "value": "quant-ip"
        },
        "publicIpAddressType": {
            "value": "Dynamic"
        }
    }
}